Article,Author,Publish Date
Zyte leads the pack in Proxyway’s 2025 Web Scraping API Report,Robert Andrews,"December 5, 2025"
Beyond the block: The front line of data access,Robert Andrews,"December 1, 2025"
How to build a daily industry news digest,Robert Andrews,"November 26, 2025"
Scraping a synthetic web: Dead Internet Theory meets web data extraction,Domagoj Maric,"November 24, 2025"
Gemini 3.0 Pro is the new best model for writing scrapers,Konstantin Lopukhin,"November 20, 2025"
Why AI agents struggle with web scraping (and how to help them),Ivan Sanchez,"November 17, 2025"
Key takeaways from the Getty v. Stability AI UK ruling,Sanaea Daruwalla,"November 13, 2025"
How an analytics platform solved a ‘hard-to-scrape’ site using Zyte API,Mitch Holt,"November 12, 2025"
Unblockers vs Zyte API: What’s the Real Cost of Bans?,Mitch Holt,"November 12, 2025"
"Partial autonomy, full control: Why we built Web Scraping Copilot",Iain Lennon,"November 12, 2025"
"Why your spiders keep getting banned, and how to fix it",Mitch Holt,"November 10, 2025"
"New in Zyte: Web Scraping Copilot, LLM-friendly text, MCP scraping",Daniel Cave,"November 10, 2025"
